plant,mean_coal,mean_ng,mean_wind,mean_solar,mean_biomass,mean_nuclear,noncarbon_renew
Davis,505.87577986111114,10.923534494390001,250.6087200241667,132.60364311958332,22.303365050694445,436.47801152777777,819.6903746715278
Ullrich,515.7161152777778,11.300772385630445,248.66322212,131.57422918,22.130222033333332,442.7899190277777,823.0273703277777
Water Treatment Plant 4,559.0857699999999,10.789980762094,387.50215452000003,205.03754778,34.486437699999996,535.3992062499999,1127.93890855
